{
    "$schema": "https://schema.management.azure.com/schemas/2019-04-01/deploymentTemplate.json#",
    "contentVersion": "1.0.0.0",
    "parameters": {
        "service_DuendeBFFPoC_name": {
            "defaultValue": "DuendeBFFPoC",
            "type": "String"
        }
    },
    "variables": {},
    "resources": [
        {
            "type": "Microsoft.ApiManagement/service",
            "apiVersion": "2023-03-01-preview",
            "name": "[parameters('service_DuendeBFFPoC_name')]",
            "location": "North Europe",
            "sku": {
                "name": "Consumption",
                "capacity": 0
            },
            "properties": {
                "publisherEmail": "pierreml@microsoft.com",
                "publisherName": "Pierre Milet",
                "notificationSenderEmail": "apimgmt-noreply@mail.windowsazure.com",
                "hostnameConfigurations": [
                    {
                        "type": "Proxy",
                        "hostName": "duendebffpoc.azure-api.net",
                        "negotiateClientCertificate": false,
                        "defaultSslBinding": true,
                        "certificateSource": "BuiltIn"
                    }
                ],
                "customProperties": {
                    "Microsoft.WindowsAzure.ApiManagement.Gateway.Security.Protocols.Tls10": "False",
                    "Microsoft.WindowsAzure.ApiManagement.Gateway.Security.Protocols.Tls11": "False",
                    "Microsoft.WindowsAzure.ApiManagement.Gateway.Security.Protocols.Tls13": "False",
                    "Microsoft.WindowsAzure.ApiManagement.Gateway.Security.Backend.Protocols.Tls10": "False",
                    "Microsoft.WindowsAzure.ApiManagement.Gateway.Security.Backend.Protocols.Tls11": "False",
                    "Microsoft.WindowsAzure.ApiManagement.Gateway.Security.Backend.Protocols.Tls13": "False",
                    "Microsoft.WindowsAzure.ApiManagement.Gateway.Security.Backend.Protocols.Ssl30": "False",
                    "Microsoft.WindowsAzure.ApiManagement.Gateway.Protocols.Server.Http2": "False"
                },
                "virtualNetworkType": "None",
                "enableClientCertificate": false,
                "disableGateway": false,
                "natGatewayState": "Disabled",
                "apiVersionConstraint": {},
                "publicNetworkAccess": "Enabled",
                "legacyPortalStatus": "Enabled",
                "developerPortalStatus": "Enabled"
            }
        },
        {
            "type": "Microsoft.ApiManagement/service/apis",
            "apiVersion": "2023-03-01-preview",
            "name": "[concat(parameters('service_DuendeBFFPoC_name'), '/auth')]",
            "dependsOn": [
                "[resourceId('Microsoft.ApiManagement/service', parameters('service_DuendeBFFPoC_name'))]"
            ],
            "properties": {
                "displayName": "auth",
                "apiRevision": "1",
                "description": "A simple API to authenticate users with OAuth2 and OpenID Connect",
                "subscriptionRequired": false,
                "path": "auth",
                "protocols": [
                    "http",
                    "https"
                ],
                "authenticationSettings": {
                    "oAuth2AuthenticationSettings": [],
                    "openidAuthenticationSettings": []
                },
                "subscriptionKeyParameterNames": {
                    "header": "Ocp-Apim-Subscription-Key",
                    "query": "subscription-key"
                },
                "isCurrent": true
            }
        },
        {
            "type": "Microsoft.ApiManagement/service/apis",
            "apiVersion": "2023-03-01-preview",
            "name": "[concat(parameters('service_DuendeBFFPoC_name'), '/graph')]",
            "dependsOn": [
                "[resourceId('Microsoft.ApiManagement/service', parameters('service_DuendeBFFPoC_name'))]"
            ],
            "properties": {
                "displayName": "graph",
                "apiRevision": "1",
                "description": "A simple API to proxy requests to the Microsoft Graph API.",
                "subscriptionRequired": false,
                "serviceUrl": "https://graph.microsoft.com/v1.0",
                "path": "graph",
                "protocols": [
                    "https"
                ],
                "authenticationSettings": {
                    "oAuth2AuthenticationSettings": [],
                    "openidAuthenticationSettings": []
                },
                "subscriptionKeyParameterNames": {
                    "header": "Ocp-Apim-Subscription-Key",
                    "query": "subscription-key"
                },
                "isCurrent": true
            }
        },
        {
            "type": "Microsoft.ApiManagement/service/namedValues",
            "apiVersion": "2023-03-01-preview",
            "name": "[concat(parameters('service_DuendeBFFPoC_name'), '/client-id')]",
            "dependsOn": [
                "[resourceId('Microsoft.ApiManagement/service', parameters('service_DuendeBFFPoC_name'))]"
            ],
            "properties": {
                "displayName": "client-id",
                "value": "7edbc56c-0081-44ef-93a4-fa33d982566e",
                "tags": [],
                "secret": false
            }
        },
        {
            "type": "Microsoft.ApiManagement/service/namedValues",
            "apiVersion": "2023-03-01-preview",
            "name": "[concat(parameters('service_DuendeBFFPoC_name'), '/client-secret')]",
            "dependsOn": [
                "[resourceId('Microsoft.ApiManagement/service', parameters('service_DuendeBFFPoC_name'))]"
            ],
            "properties": {
                "displayName": "client-secret",
                "tags": [],
                "secret": true
            }
        },
        {
            "type": "Microsoft.ApiManagement/service/namedValues",
            "apiVersion": "2023-03-01-preview",
            "name": "[concat(parameters('service_DuendeBFFPoC_name'), '/cookie-domain')]",
            "dependsOn": [
                "[resourceId('Microsoft.ApiManagement/service', parameters('service_DuendeBFFPoC_name'))]"
            ],
            "properties": {
                "displayName": "cookie-domain",
                "value": "duendebffpoc.azure-api.net",
                "tags": [],
                "secret": false
            }
        },
        {
            "type": "Microsoft.ApiManagement/service/namedValues",
            "apiVersion": "2023-03-01-preview",
            "name": "[concat(parameters('service_DuendeBFFPoC_name'), '/cookie-name')]",
            "dependsOn": [
                "[resourceId('Microsoft.ApiManagement/service', parameters('service_DuendeBFFPoC_name'))]"
            ],
            "properties": {
                "displayName": "cookie-name",
                "value": "token",
                "tags": [],
                "secret": false
            }
        },
        {
            "type": "Microsoft.ApiManagement/service/namedValues",
            "apiVersion": "2023-03-01-preview",
            "name": "[concat(parameters('service_DuendeBFFPoC_name'), '/enc-key')]",
            "dependsOn": [
                "[resourceId('Microsoft.ApiManagement/service', parameters('service_DuendeBFFPoC_name'))]"
            ],
            "properties": {
                "displayName": "enc-key",
                "tags": [],
                "secret": true
            }
        },
        {
            "type": "Microsoft.ApiManagement/service/namedValues",
            "apiVersion": "2023-03-01-preview",
            "name": "[concat(parameters('service_DuendeBFFPoC_name'), '/return-uri')]",
            "dependsOn": [
                "[resourceId('Microsoft.ApiManagement/service', parameters('service_DuendeBFFPoC_name'))]"
            ],
            "properties": {
                "displayName": "return-uri",
                "value": "https://yellow-flower-0793e2a03.4.azurestaticapps.net/",
                "tags": [],
                "secret": false
            }
        },
        {
            "type": "Microsoft.ApiManagement/service/namedValues",
            "apiVersion": "2023-03-01-preview",
            "name": "[concat(parameters('service_DuendeBFFPoC_name'), '/spa-domain')]",
            "dependsOn": [
                "[resourceId('Microsoft.ApiManagement/service', parameters('service_DuendeBFFPoC_name'))]"
            ],
            "properties": {
                "displayName": "spa-domain",
                "value": "yellow-flower-0793e2a03.4.azurestaticapps.net",
                "tags": [],
                "secret": false
            }
        },
        {
            "type": "Microsoft.ApiManagement/service/namedValues",
            "apiVersion": "2023-03-01-preview",
            "name": "[concat(parameters('service_DuendeBFFPoC_name'), '/tenant-id')]",
            "dependsOn": [
                "[resourceId('Microsoft.ApiManagement/service', parameters('service_DuendeBFFPoC_name'))]"
            ],
            "properties": {
                "displayName": "tenant-id",
                "value": "16b3c013-d300-468d-ac64-7eda0820b6d3",
                "tags": [],
                "secret": false
            }
        },
        {
            "type": "Microsoft.ApiManagement/service/openidConnectProviders",
            "apiVersion": "2023-03-01-preview",
            "name": "[concat(parameters('service_DuendeBFFPoC_name'), '/duende-oidc')]",
            "dependsOn": [
                "[resourceId('Microsoft.ApiManagement/service', parameters('service_DuendeBFFPoC_name'))]"
            ],
            "properties": {
                "displayName": "duende oidc",
                "metadataEndpoint": "https://demo.duendesoftware.com/.well-known/openid-configuration",
                "useInTestConsole": true,
                "useInApiDocumentation": false,
                "clientId": "interactive.public"
            }
        },
        {
            "type": "Microsoft.ApiManagement/service/policies",
            "apiVersion": "2023-03-01-preview",
            "name": "[concat(parameters('service_DuendeBFFPoC_name'), '/policy')]",
            "dependsOn": [
                "[resourceId('Microsoft.ApiManagement/service', parameters('service_DuendeBFFPoC_name'))]"
            ],
            "properties": {
                "value": "<!--\r\n    IMPORTANT:\r\n    - Policy elements can appear only within the <inbound>, <outbound>, <backend> section elements.\r\n    - Only the <forward-request> policy element can appear within the <backend> section element.\r\n    - To apply a policy to the incoming request (before it is forwarded to the backend service), place a corresponding policy element within the <inbound> section element.\r\n    - To apply a policy to the outgoing response (before it is sent back to the caller), place a corresponding policy element within the <outbound> section element.\r\n    - To add a policy position the cursor at the desired insertion point and click on the round button associated with the policy.\r\n    - To remove a policy, delete the corresponding policy statement from the policy document.\r\n    - Policies are applied in the order of their appearance, from the top down.\r\n-->\r\n<policies>\r\n  <inbound></inbound>\r\n  <backend>\r\n    <forward-request />\r\n  </backend>\r\n  <outbound></outbound>\r\n</policies>",
                "format": "xml"
            }
        },
        {
            "type": "Microsoft.ApiManagement/service/properties",
            "apiVersion": "2019-01-01",
            "name": "[concat(parameters('service_DuendeBFFPoC_name'), '/client-id')]",
            "dependsOn": [
                "[resourceId('Microsoft.ApiManagement/service', parameters('service_DuendeBFFPoC_name'))]"
            ],
            "properties": {
                "displayName": "client-id",
                "value": "7edbc56c-0081-44ef-93a4-fa33d982566e",
                "tags": [],
                "secret": false
            }
        },
        {
            "type": "Microsoft.ApiManagement/service/properties",
            "apiVersion": "2019-01-01",
            "name": "[concat(parameters('service_DuendeBFFPoC_name'), '/client-secret')]",
            "dependsOn": [
                "[resourceId('Microsoft.ApiManagement/service', parameters('service_DuendeBFFPoC_name'))]"
            ],
            "properties": {
                "displayName": "client-secret",
                "value": "dtQ8Q~pgVofAfbToCpiR1-PlhykbmfjsXPN5xbr9",
                "tags": [],
                "secret": true
            }
        },
        {
            "type": "Microsoft.ApiManagement/service/properties",
            "apiVersion": "2019-01-01",
            "name": "[concat(parameters('service_DuendeBFFPoC_name'), '/cookie-domain')]",
            "dependsOn": [
                "[resourceId('Microsoft.ApiManagement/service', parameters('service_DuendeBFFPoC_name'))]"
            ],
            "properties": {
                "displayName": "cookie-domain",
                "value": "duendebffpoc.azure-api.net",
                "tags": [],
                "secret": false
            }
        },
        {
            "type": "Microsoft.ApiManagement/service/properties",
            "apiVersion": "2019-01-01",
            "name": "[concat(parameters('service_DuendeBFFPoC_name'), '/cookie-name')]",
            "dependsOn": [
                "[resourceId('Microsoft.ApiManagement/service', parameters('service_DuendeBFFPoC_name'))]"
            ],
            "properties": {
                "displayName": "cookie-name",
                "value": "token",
                "tags": [],
                "secret": false
            }
        },
        {
            "type": "Microsoft.ApiManagement/service/properties",
            "apiVersion": "2019-01-01",
            "name": "[concat(parameters('service_DuendeBFFPoC_name'), '/enc-key')]",
            "dependsOn": [
                "[resourceId('Microsoft.ApiManagement/service', parameters('service_DuendeBFFPoC_name'))]"
            ],
            "properties": {
                "displayName": "enc-key",
                "value": "85EmkiLHG7EkIO9AYiXOGX9mdSTfGGFtN0MQYTYegxg=",
                "tags": [],
                "secret": true
            }
        },
        {
            "type": "Microsoft.ApiManagement/service/properties",
            "apiVersion": "2019-01-01",
            "name": "[concat(parameters('service_DuendeBFFPoC_name'), '/return-uri')]",
            "dependsOn": [
                "[resourceId('Microsoft.ApiManagement/service', parameters('service_DuendeBFFPoC_name'))]"
            ],
            "properties": {
                "displayName": "return-uri",
                "value": "https://yellow-flower-0793e2a03.4.azurestaticapps.net/",
                "tags": [],
                "secret": false
            }
        },
        {
            "type": "Microsoft.ApiManagement/service/properties",
            "apiVersion": "2019-01-01",
            "name": "[concat(parameters('service_DuendeBFFPoC_name'), '/spa-domain')]",
            "dependsOn": [
                "[resourceId('Microsoft.ApiManagement/service', parameters('service_DuendeBFFPoC_name'))]"
            ],
            "properties": {
                "displayName": "spa-domain",
                "value": "yellow-flower-0793e2a03.4.azurestaticapps.net",
                "tags": [],
                "secret": false
            }
        },
        {
            "type": "Microsoft.ApiManagement/service/properties",
            "apiVersion": "2019-01-01",
            "name": "[concat(parameters('service_DuendeBFFPoC_name'), '/tenant-id')]",
            "dependsOn": [
                "[resourceId('Microsoft.ApiManagement/service', parameters('service_DuendeBFFPoC_name'))]"
            ],
            "properties": {
                "displayName": "tenant-id",
                "value": "16b3c013-d300-468d-ac64-7eda0820b6d3",
                "tags": [],
                "secret": false
            }
        },
        {
            "type": "Microsoft.ApiManagement/service/subscriptions",
            "apiVersion": "2023-03-01-preview",
            "name": "[concat(parameters('service_DuendeBFFPoC_name'), '/master')]",
            "dependsOn": [
                "[resourceId('Microsoft.ApiManagement/service', parameters('service_DuendeBFFPoC_name'))]"
            ],
            "properties": {
                "scope": "[concat(resourceId('Microsoft.ApiManagement/service', parameters('service_DuendeBFFPoC_name')), '/')]",
                "displayName": "Built-in all-access subscription",
                "state": "active",
                "allowTracing": false
            }
        },
        {
            "type": "Microsoft.ApiManagement/service/tags",
            "apiVersion": "2023-03-01-preview",
            "name": "[concat(parameters('service_DuendeBFFPoC_name'), '/WeatherForecast')]",
            "dependsOn": [
                "[resourceId('Microsoft.ApiManagement/service', parameters('service_DuendeBFFPoC_name'))]"
            ],
            "properties": {
                "displayName": "WeatherForecast"
            }
        },
        {
            "type": "Microsoft.ApiManagement/service/apis/operations",
            "apiVersion": "2023-03-01-preview",
            "name": "[concat(parameters('service_DuendeBFFPoC_name'), '/auth/callback')]",
            "dependsOn": [
                "[resourceId('Microsoft.ApiManagement/service/apis', parameters('service_DuendeBFFPoC_name'), 'auth')]",
                "[resourceId('Microsoft.ApiManagement/service', parameters('service_DuendeBFFPoC_name'))]"
            ],
            "properties": {
                "displayName": "Callback",
                "method": "GET",
                "urlTemplate": "/callback?code={code}",
                "templateParameters": [
                    {
                        "name": "code",
                        "description": "Authorization Code",
                        "type": "string",
                        "required": true,
                        "values": [],
                        "schemaId": "6584796f94d5f6134437fcf6",
                        "typeName": "CallbackGetRequest"
                    }
                ],
                "description": "Callback",
                "responses": [
                    {
                        "statusCode": 200,
                        "description": "null",
                        "representations": [],
                        "headers": []
                    }
                ]
            }
        },
        {
            "type": "Microsoft.ApiManagement/service/apis/operations",
            "apiVersion": "2023-03-01-preview",
            "name": "[concat(parameters('service_DuendeBFFPoC_name'), '/auth/logout')]",
            "dependsOn": [
                "[resourceId('Microsoft.ApiManagement/service/apis', parameters('service_DuendeBFFPoC_name'), 'auth')]",
                "[resourceId('Microsoft.ApiManagement/service', parameters('service_DuendeBFFPoC_name'))]"
            ],
            "properties": {
                "displayName": "Logout",
                "method": "GET",
                "urlTemplate": "/logout",
                "templateParameters": [],
                "description": "Logout",
                "responses": [
                    {
                        "statusCode": 200,
                        "description": "null",
                        "representations": [],
                        "headers": []
                    }
                ]
            }
        },
        {
            "type": "Microsoft.ApiManagement/service/apis/operations",
            "apiVersion": "2023-03-01-preview",
            "name": "[concat(parameters('service_DuendeBFFPoC_name'), '/graph/me')]",
            "dependsOn": [
                "[resourceId('Microsoft.ApiManagement/service/apis', parameters('service_DuendeBFFPoC_name'), 'graph')]",
                "[resourceId('Microsoft.ApiManagement/service', parameters('service_DuendeBFFPoC_name'))]"
            ],
            "properties": {
                "displayName": "me",
                "method": "GET",
                "urlTemplate": "/me",
                "templateParameters": [],
                "description": "me",
                "responses": [
                    {
                        "statusCode": 200,
                        "description": "null",
                        "representations": [],
                        "headers": []
                    }
                ]
            }
        },
        {
            "type": "Microsoft.ApiManagement/service/apis/policies",
            "apiVersion": "2023-03-01-preview",
            "name": "[concat(parameters('service_DuendeBFFPoC_name'), '/graph/policy')]",
            "dependsOn": [
                "[resourceId('Microsoft.ApiManagement/service/apis', parameters('service_DuendeBFFPoC_name'), 'graph')]",
                "[resourceId('Microsoft.ApiManagement/service', parameters('service_DuendeBFFPoC_name'))]"
            ],
            "properties": {
                "value": "<!--\r\n    // ====================================================================================================\r\n    // Extract encrypted access token from cookie to call downstream API\r\n    // Values in {{value}} syntax are defined as Named Values in APIM instance.\r\n    // ====================================================================================================\r\n-->\r\n<policies>\r\n  <inbound>\r\n    <base />\r\n    <cors allow-credentials=\"true\">\r\n      <allowed-origins>\r\n        <origin>{{return-uri}}</origin>\r\n      </allowed-origins>\r\n      <allowed-methods preflight-result-max-age=\"300\">\r\n        <method>*</method>\r\n      </allowed-methods>\r\n      <allowed-headers>\r\n        <header>*</header>\r\n      </allowed-headers>\r\n      <expose-headers>\r\n        <header>*</header>\r\n      </expose-headers>\r\n    </cors>\r\n    <!-- \r\n            // ====================================================================================================\r\n            // 1. Extract cookies from the request header.\r\n            // 2. Split all cookies and select the one we're interested in.\r\n            // 3. Remove cookie name to leave only the contents.\r\n            // 4. Decode the cookie content from base64url to base64.\r\n            // 5. Decode the base64 cookie content to bytes.\r\n            // 6. Extract the IV from the encrypted cookie content.\r\n            // 7. Decrypt the encrypted cookie content into a variable.\r\n            // ====================================================================================================\r\n         -->\r\n    <set-variable name=\"access_token\" value=\"@{&#xA;            try {&#xA;                string cookie = context.Request.Headers&#xA;                                            .GetValueOrDefault(&quot;Cookie&quot;)?&#xA;                                            .Split(';')&#xA;                                            .ToList()?&#xA;                                            .Where(p =&gt; p.Contains(&quot;{{cookie-name}}&quot;))&#xA;                                            .FirstOrDefault()&#xA;                                            .Replace(&quot;{{cookie-name}}=&quot;, &quot;&quot;);&#xA;                byte[] encryptedBytes = Convert.FromBase64String(System.Net.WebUtility.UrlDecode(cookie));&#xA;                byte[] iv = new byte[16];&#xA;                byte[] tokenBytes = new byte[encryptedBytes.Length - 16];&#xA;                Array.Copy(encryptedBytes, 0, iv, 0, 16);&#xA;                Array.Copy(encryptedBytes, 16, tokenBytes, 0, encryptedBytes.Length - 16);&#xA;                byte[] decryptedBytes = tokenBytes.Decrypt(&quot;Aes&quot;, Convert.FromBase64String(&quot;{{enc-key}}&quot;), iv);&#xA;                char[] convertedBytesToChar = Encoding.UTF8.GetString(decryptedBytes).ToCharArray();&#xA;                return Encoding.UTF8.GetString(Encoding.UTF8.GetBytes(convertedBytesToChar));&#xA;            } catch (Exception ex) {&#xA;                return null;&#xA;            }&#xA;        }\" />\r\n    <!-- \r\n            // ====================================================================================================\r\n            // Set the decrypted access token as an Authorization header.\r\n            // ====================================================================================================\r\n         -->\r\n    <choose>\r\n      <when condition=\"@(!string.IsNullOrEmpty(context.Variables.GetValueOrDefault&lt;string&gt;(&quot;access_token&quot;)))\">\r\n        <set-header name=\"Authorization\" exists-action=\"override\">\r\n          <value>@($\"Bearer {context.Variables.GetValueOrDefault&lt;string&gt;(\"access_token\")}\")</value>\r\n        </set-header>\r\n      </when>\r\n    </choose>\r\n  </inbound>\r\n  <backend>\r\n    <base />\r\n  </backend>\r\n  <outbound>\r\n    <choose>\r\n      <when condition=\"@(string.IsNullOrEmpty(context.Variables.GetValueOrDefault&lt;string&gt;(&quot;access_token&quot;)))\">\r\n        <return-response>\r\n          <set-status code=\"401\" reason=\"Unauthorized\" />\r\n        </return-response>\r\n      </when>\r\n    </choose>\r\n    <base />\r\n  </outbound>\r\n  <on-error>\r\n    <base />\r\n  </on-error>\r\n</policies>",
                "format": "xml"
            }
        },
        {
            "type": "Microsoft.ApiManagement/service/apis/schemas",
            "apiVersion": "2023-03-01-preview",
            "name": "[concat(parameters('service_DuendeBFFPoC_name'), '/auth/6584796f94d5f6134437fcf6')]",
            "dependsOn": [
                "[resourceId('Microsoft.ApiManagement/service/apis', parameters('service_DuendeBFFPoC_name'), 'auth')]",
                "[resourceId('Microsoft.ApiManagement/service', parameters('service_DuendeBFFPoC_name'))]"
            ],
            "properties": {
                "contentType": "application/vnd.oai.openapi.components+json",
                "document": {}
            }
        },
        {
            "type": "Microsoft.ApiManagement/service/apis/wikis",
            "apiVersion": "2023-03-01-preview",
            "name": "[concat(parameters('service_DuendeBFFPoC_name'), '/auth/default')]",
            "dependsOn": [
                "[resourceId('Microsoft.ApiManagement/service/apis', parameters('service_DuendeBFFPoC_name'), 'auth')]",
                "[resourceId('Microsoft.ApiManagement/service', parameters('service_DuendeBFFPoC_name'))]"
            ],
            "properties": {
                "documents": []
            }
        },
        {
            "type": "Microsoft.ApiManagement/service/apis/wikis",
            "apiVersion": "2023-03-01-preview",
            "name": "[concat(parameters('service_DuendeBFFPoC_name'), '/graph/default')]",
            "dependsOn": [
                "[resourceId('Microsoft.ApiManagement/service/apis', parameters('service_DuendeBFFPoC_name'), 'graph')]",
                "[resourceId('Microsoft.ApiManagement/service', parameters('service_DuendeBFFPoC_name'))]"
            ],
            "properties": {
                "documents": []
            }
        },
        {
            "type": "Microsoft.ApiManagement/service/apis/operations/policies",
            "apiVersion": "2023-03-01-preview",
            "name": "[concat(parameters('service_DuendeBFFPoC_name'), '/auth/callback/policy')]",
            "dependsOn": [
                "[resourceId('Microsoft.ApiManagement/service/apis/operations', parameters('service_DuendeBFFPoC_name'), 'auth', 'callback')]",
                "[resourceId('Microsoft.ApiManagement/service/apis', parameters('service_DuendeBFFPoC_name'), 'auth')]",
                "[resourceId('Microsoft.ApiManagement/service', parameters('service_DuendeBFFPoC_name'))]"
            ],
            "properties": {
                "value": "<!--\r\n    // ====================================================================================================\r\n    // Handle Auth Code request callback to exchange auth code for access token and set in encrypted cookie\r\n    // Values in {{value}} syntax are defined as Named Values in APIM instance.\r\n    // ====================================================================================================\r\n-->\r\n<policies>\r\n  <inbound>\r\n    <base />\r\n    <!-- \r\n            // ====================================================================================================\r\n            // Call the token server to exchange the auth code for an access token.\r\n            // This request will return a JSON object with the access token. No refresh token will be returned\r\n            // as it was not requested in the original scope request. To request a refresh token, add the\r\n            // \"offline_access\" scope to the original request.\r\n            // ====================================================================================================\r\n         -->\r\n    <send-request ignore-error=\"false\" timeout=\"20\" response-variable-name=\"response\" mode=\"new\">\r\n      <set-url>https://login.microsoftonline.com/{{tenant-id}}/oauth2/v2.0/token</set-url>\r\n      <set-method>POST</set-method>\r\n      <set-header name=\"Content-Type\" exists-action=\"override\">\r\n        <value>application/x-www-form-urlencoded</value>\r\n      </set-header>\r\n      <set-body>@($\"grant_type=authorization_code&amp;code={context.Request.OriginalUrl.Query.GetValueOrDefault(\"code\")}&amp;client_id={{client-id}}&amp;client_secret={{client-secret}}&amp;redirect_uri=https://{context.Request.OriginalUrl.Host}/auth/callback\")</set-body>\r\n    </send-request>\r\n    <!-- \r\n            // ====================================================================================================\r\n            // Extract the access token from the token server response.\r\n            // This sample does not request a refresh token. If a refresh token is requested, it will be returned\r\n            // in the response together with the access_token and should be extracted separately.\r\n            // ====================================================================================================\r\n         -->\r\n    <set-variable name=\"token\" value=\"@(context.Variables.GetValueOrDefault&lt;IResponse&gt;(&quot;response&quot;).Body.As&lt;JObject&gt;())\" />\r\n  </inbound>\r\n  <backend />\r\n  <outbound>\r\n    <!-- \r\n            // ====================================================================================================\r\n            // Generate a random IV to encrypt the access token and set it into a variable. This ensures that the\r\n            // encrypted content is different each time a token in encrypted.\r\n            // This sample uses AES encryption with key is stored in a Named Value in APIM. Any encryption key\r\n            // should be rotated regularly to ensure the security of the encryption.\r\n            // ====================================================================================================\r\n         -->\r\n    <set-variable name=\"cookie\" value=\"@{&#xA;            var rng = new RNGCryptoServiceProvider();&#xA;            var iv = new byte[16];&#xA;            rng.GetBytes(iv);&#xA;            byte[] tokenBytes = Encoding.UTF8.GetBytes((string)(context.Variables.GetValueOrDefault&lt;JObject&gt;(&quot;token&quot;))[&quot;access_token&quot;]);&#xA;            byte[] encryptedToken = tokenBytes.Encrypt(&quot;Aes&quot;, Convert.FromBase64String(&quot;{{enc-key}}&quot;), iv);&#xA;            byte[] combinedContent = new byte[iv.Length + encryptedToken.Length];&#xA;            Array.Copy(iv, 0, combinedContent, 0, iv.Length);&#xA;            Array.Copy(encryptedToken, 0, combinedContent, iv.Length, encryptedToken.Length);&#xA;            return System.Net.WebUtility.UrlEncode(Convert.ToBase64String(combinedContent));&#xA;        }\" />\r\n    <!-- \r\n            // ========================================================================================================\r\n            // Create a return response to redirect back to the calling application.\r\n            // Set the encrypted and base64url encoded access token into a cookie.\r\n            // Cookies are created as session cookies by default. If you are not implementing a refresh token\r\n            // to the pattern then it setting the expiry of the cookie to match that of the access token could\r\n            // be considered. This would ensure that the cookie is removed when the access token expires.\r\n            //\r\n            // Details on configurable token lifetimes can be found here:\r\n            // https://learn.microsoft.com/azure/active-directory/develop/active-directory-configurable-token-lifetimes\r\n            // ========================================================================================================\r\n         -->\r\n    <return-response>\r\n      <set-status code=\"302\" reason=\"Temporary Redirect\" />\r\n      <set-header name=\"Set-Cookie\" exists-action=\"override\">\r\n        <value>@($\"{{cookie-name}}={context.Variables.GetValueOrDefault&lt;string&gt;(\"cookie\")}; Secure; SameSite=None; Path=/; Domain={{cookie-domain}}; HttpOnly\")</value>\r\n      </set-header>\r\n      <set-header name=\"Location\" exists-action=\"override\">\r\n        <value>{{return-uri}}</value>\r\n      </set-header>\r\n    </return-response>\r\n    <!-- \r\n            // ====================================================================================================\r\n            // Do not call base as we have no need to call external endpoint.\r\n            // ====================================================================================================\r\n         -->\r\n  </outbound>\r\n  <on-error>\r\n    <base />\r\n  </on-error>\r\n</policies>",
                "format": "xml"
            }
        },
        {
            "type": "Microsoft.ApiManagement/service/apis/operations/policies",
            "apiVersion": "2023-03-01-preview",
            "name": "[concat(parameters('service_DuendeBFFPoC_name'), '/auth/logout/policy')]",
            "dependsOn": [
                "[resourceId('Microsoft.ApiManagement/service/apis/operations', parameters('service_DuendeBFFPoC_name'), 'auth', 'logout')]",
                "[resourceId('Microsoft.ApiManagement/service/apis', parameters('service_DuendeBFFPoC_name'), 'auth')]",
                "[resourceId('Microsoft.ApiManagement/service', parameters('service_DuendeBFFPoC_name'))]"
            ],
            "properties": {
                "value": "<!--\r\n    // ====================================================================================================\r\n    // Removes cookie from browser and redirects to return-uri.\r\n    // Values in {{value}} syntax are defined as Named Values in APIM instance.\r\n    // ====================================================================================================\r\n-->\r\n<policies>\r\n  <inbound>\r\n    <base />\r\n  </inbound>\r\n  <backend />\r\n  <outbound>\r\n    <return-response>\r\n      <set-status code=\"302\" reason=\"Temporary Redirect\" />\r\n      <set-header name=\"Set-Cookie\" exists-action=\"override\">\r\n        <value>@($\"{{cookie-name}}=; Secure; SameSite=None; Path=/; HttpOnly; Domain={{spa-domain}}; Expires=Thurs, 01 Jan 1970 00:00:00 GMT\")</value>\r\n      </set-header>\r\n      <set-header name=\"Location\" exists-action=\"override\">\r\n        <value>{{return-uri}}</value>\r\n      </set-header>\r\n    </return-response>\r\n    <!-- \r\n\t\t    // ====================================================================================================\r\n            // Do not call base as we have no need to call external endpoint.\r\n    \t\t// ====================================================================================================\r\n         -->\r\n  </outbound>\r\n  <on-error>\r\n    <base />\r\n  </on-error>\r\n</policies>",
                "format": "xml"
            }
        },
        {
            "type": "Microsoft.ApiManagement/service/apis/operations/policies",
            "apiVersion": "2023-03-01-preview",
            "name": "[concat(parameters('service_DuendeBFFPoC_name'), '/graph/me/policy')]",
            "dependsOn": [
                "[resourceId('Microsoft.ApiManagement/service/apis/operations', parameters('service_DuendeBFFPoC_name'), 'graph', 'me')]",
                "[resourceId('Microsoft.ApiManagement/service/apis', parameters('service_DuendeBFFPoC_name'), 'graph')]",
                "[resourceId('Microsoft.ApiManagement/service', parameters('service_DuendeBFFPoC_name'))]"
            ],
            "properties": {
                "value": "<!--\r\n    // ====================================================================================================\r\n    // Extract encrypted access token from cookie to call downstream API\r\n    // Values in {{value}} syntax are defined as Named Values in APIM instance.\r\n    // ====================================================================================================\r\n-->\r\n<policies>\r\n  <inbound>\r\n    <base />\r\n    <cors allow-credentials=\"true\">\r\n      <allowed-origins>\r\n        <origin>{{return-uri}}</origin>\r\n      </allowed-origins>\r\n      <allowed-methods preflight-result-max-age=\"300\">\r\n        <method>*</method>\r\n      </allowed-methods>\r\n      <allowed-headers>\r\n        <header>*</header>\r\n      </allowed-headers>\r\n      <expose-headers>\r\n        <header>*</header>\r\n      </expose-headers>\r\n    </cors>\r\n    <!-- \r\n            // ====================================================================================================\r\n            // 1. Extract cookies from the request header.\r\n            // 2. Split all cookies and select the one we're interested in.\r\n            // 3. Remove cookie name to leave only the contents.\r\n            // 4. Decode the cookie content from base64url to base64.\r\n            // 5. Decode the base64 cookie content to bytes.\r\n            // 6. Extract the IV from the encrypted cookie content.\r\n            // 7. Decrypt the encrypted cookie content into a variable.\r\n            // ====================================================================================================\r\n         -->\r\n    <set-variable name=\"access_token\" value=\"@{&#xA;            try {&#xA;                string cookie = context.Request.Headers&#xA;                                            .GetValueOrDefault(&quot;Cookie&quot;)?&#xA;                                            .Split(';')&#xA;                                            .ToList()?&#xA;                                            .Where(p =&gt; p.Contains(&quot;{{cookie-name}}&quot;))&#xA;                                            .FirstOrDefault()&#xA;                                            .Replace(&quot;{{cookie-name}}=&quot;, &quot;&quot;);&#xA;                byte[] encryptedBytes = Convert.FromBase64String(System.Net.WebUtility.UrlDecode(cookie));&#xA;                byte[] iv = new byte[16];&#xA;                byte[] tokenBytes = new byte[encryptedBytes.Length - 16];&#xA;                Array.Copy(encryptedBytes, 0, iv, 0, 16);&#xA;                Array.Copy(encryptedBytes, 16, tokenBytes, 0, encryptedBytes.Length - 16);&#xA;                byte[] decryptedBytes = tokenBytes.Decrypt(&quot;Aes&quot;, Convert.FromBase64String(&quot;{{enc-key}}&quot;), iv);&#xA;                char[] convertedBytesToChar = Encoding.UTF8.GetString(decryptedBytes).ToCharArray();&#xA;                return Encoding.UTF8.GetString(Encoding.UTF8.GetBytes(convertedBytesToChar));&#xA;            } catch (Exception ex) {&#xA;                return null;&#xA;            }&#xA;        }\" />\r\n    <!-- \r\n            // ====================================================================================================\r\n            // Set the decrypted access token as an Authorization header.\r\n            // ====================================================================================================\r\n         -->\r\n    <choose>\r\n      <when condition=\"@(!string.IsNullOrEmpty(context.Variables.GetValueOrDefault&lt;string&gt;(&quot;access_token&quot;)))\">\r\n        <set-header name=\"Authorization\" exists-action=\"override\">\r\n          <value>@($\"Bearer {context.Variables.GetValueOrDefault&lt;string&gt;(\"access_token\")}\")</value>\r\n        </set-header>\r\n      </when>\r\n    </choose>\r\n  </inbound>\r\n  <backend>\r\n    <base />\r\n  </backend>\r\n  <outbound>\r\n    <choose>\r\n      <when condition=\"@(string.IsNullOrEmpty(context.Variables.GetValueOrDefault&lt;string&gt;(&quot;access_token&quot;)))\">\r\n        <return-response>\r\n          <set-status code=\"401\" reason=\"Unauthorized\" />\r\n        </return-response>\r\n      </when>\r\n    </choose>\r\n    <base />\r\n  </outbound>\r\n  <on-error>\r\n    <base />\r\n  </on-error>\r\n</policies>",
                "format": "xml"
            }
        }
    ]
}